[
{"name": "NextOS", "description": "Omnichannel business communication: CRM, Chat, Surveys, VoIP", "tool_url": {"link": ""}},
{"name": "Square Reader SDK", "description": "Your app, powered by Square hardware", "tool_url": {"link": ""}},
{"name": "Sip for Web", "description": "Daily tappable tech news from Product Hunt \ud83d\ude3b", "tool_url": {"link": ""}},
{"name": "Rewardful", "description": "Instantly setup affiliate and referral programs with Stripe.", "tool_url": {"link": ""}},
{"name": "Now Mobile", "description": "Mobile client for ZEIT's Now deployment platform", "tool_url": {"link": ""}}
]